{

"when": "2017-04-20T18:36:28.060Z",

"cpuUsage": 0.05618396519577373,

"freememPercentage": 0.6164672097965793,

"platform": "win32",

"cpuCount": 8,

"freeMem": 4949.19140625,

"totalMem": 8028.3125,

"sysUpTime": 631767.537539,

"processUpTime": 29.316
}